{
  "1F": {
    "original_size": [
      3000,
      2000
    ],
    "crop_box": [
      50,
      128,
      2886,
      1746
    ],
    "scale": 0.4851004851004851,
    "offset": [
      0,
      77
    ],
    "target_size": [
      1400,
      1000
    ]
  },
  "2F": {
    "original_size": [
      3000,
      2000
    ],
    "crop_box": [
      207,
      218,
      2595,
      1570
    ],
    "scale": 0.5394990366088632,
    "offset": [
      0,
      76
    ],
    "target_size": [
      1400,
      1000
    ]
  },
  "3F": {
    "original_size": [
      3000,
      2000
    ],
    "crop_box": [
      118,
      200,
      2772,
      1677
    ],
    "scale": 0.5050505050505051,
    "offset": [
      0,
      77
    ],
    "target_size": [
      1400,
      1000
    ]
  },
  "4F": {
    "original_size": [
      3000,
      2000
    ],
    "crop_box": [
      207,
      214,
      2595,
      1570
    ],
    "scale": 0.5394990366088632,
    "offset": [
      0,
      76
    ],
    "target_size": [
      1400,
      1000
    ]
  },
  "5F": {
    "original_size": [
      3000,
      2000
    ],
    "crop_box": [
      273,
      263,
      2458,
      1486
    ],
    "scale": 0.5695687550854354,
    "offset": [
      0,
      77
    ],
    "target_size": [
      1400,
      1000
    ]
  },
  "6F": {
    "original_size": [
      3000,
      2000
    ],
    "crop_box": [
      231,
      185,
      2537,
      1534
    ],
    "scale": 0.5518328734726055,
    "offset": [
      0,
      77
    ],
    "target_size": [
      1400,
      1000
    ]
  },
  "7F": {
    "original_size": [
      3000,
      2000
    ],
    "crop_box": [
      143,
      179,
      2717,
      1645
    ],
    "scale": 0.5152741994847257,
    "offset": [
      0,
      76
    ],
    "target_size": [
      1400,
      1000
    ]
  },
  "8F": {
    "original_size": [
      3000,
      2000
    ],
    "crop_box": [
      207,
      221,
      2595,
      1570
    ],
    "scale": 0.5394990366088632,
    "offset": [
      0,
      76
    ],
    "target_size": [
      1400,
      1000
    ]
  },
  "9F": {
    "original_size": [
      3000,
      2000
    ],
    "crop_box": [
      185,
      190,
      2647,
      1601
    ],
    "scale": 0.5289006422364941,
    "offset": [
      0,
      77
    ],
    "target_size": [
      1400,
      1000
    ]
  },
  "10F": {
    "original_size": [
      3000,
      2000
    ],
    "crop_box": [
      174,
      154,
      2656,
      1606
    ],
    "scale": 0.5271084337349398,
    "offset": [
      0,
      77
    ],
    "target_size": [
      1400,
      1000
    ]
  },
  "overview": {
    "original_size": [
      1920,
      1080
    ],
    "crop_box": [
      0,
      0,
      1920,
      1080
    ],
    "scale": 0.7291666666666666,
    "offset": [
      0,
      106
    ],
    "target_size": [
      1400,
      1000
    ]
  }
}