{
  "1F": {
    "original_size": [
      3000,
      2000
    ],
    "content_bounds": [
      40,
      118,
      2946,
      1884
    ],
    "reference": {
      "room": "L-101",
      "x": 108,
      "y": 238
    },
    "scale": 0.41293874741913283,
    "offset": [
      55.402615278733656,
      101.72057811424638
    ],
    "target_size": [
      1400,
      1000
    ],
    "target_ref_point": [
      100,
      200
    ]
  },
  "2F": {
    "original_size": [
      3000,
      2000
    ],
    "content_bounds": [
      197,
      208,
      2812,
      1798
    ],
    "reference": {
      "room": "L-201",
      "x": 108,
      "y": 238
    },
    "scale": 0.4588910133843212,
    "offset": [
      50.43977055449331,
      90.78393881453155
    ],
    "target_size": [
      1400,
      1000
    ],
    "target_ref_point": [
      100,
      200
    ]
  },
  "3F": {
    "original_size": [
      3000,
      2000
    ],
    "content_bounds": [
      108,
      190,
      2900,
      1887
    ],
    "reference": {
      "room": "L-301",
      "x": 108,
      "y": 238
    },
    "scale": 0.4297994269340974,
    "offset": [
      53.581661891117484,
      97.70773638968483
    ],
    "target_size": [
      1400,
      1000
    ],
    "target_ref_point": [
      100,
      200
    ]
  },
  "4F": {
    "original_size": [
      3000,
      2000
    ],
    "content_bounds": [
      197,
      204,
      2812,
      1794
    ],
    "reference": {
      "room": "L-401",
      "x": 108,
      "y": 238
    },
    "scale": 0.4588910133843212,
    "offset": [
      50.43977055449331,
      90.78393881453155
    ],
    "target_size": [
      1400,
      1000
    ],
    "target_ref_point": [
      100,
      200
    ]
  },
  "5F": {
    "original_size": [
      3000,
      2000
    ],
    "content_bounds": [
      263,
      253,
      2741,
      1759
    ],
    "reference": {
      "room": "L-501",
      "x": 108,
      "y": 238
    },
    "scale": 0.48426150121065376,
    "offset": [
      47.699757869249396,
      84.7457627118644
    ],
    "target_size": [
      1400,
      1000
    ],
    "target_ref_point": [
      100,
      200
    ]
  },
  "6F": {
    "original_size": [
      3000,
      2000
    ],
    "content_bounds": [
      221,
      175,
      2778,
      1729
    ],
    "reference": {
      "room": "L-601",
      "x": 108,
      "y": 238
    },
    "scale": 0.4692999608916699,
    "offset": [
      49.31560422369965,
      88.30660930778257
    ],
    "target_size": [
      1400,
      1000
    ],
    "target_ref_point": [
      100,
      200
    ]
  },
  "7F": {
    "original_size": [
      3000,
      2000
    ],
    "content_bounds": [
      133,
      169,
      2870,
      1834
    ],
    "reference": {
      "room": "L-701",
      "x": 108,
      "y": 238
    },
    "scale": 0.43843624406284254,
    "offset": [
      52.648885641213006,
      95.65217391304347
    ],
    "target_size": [
      1400,
      1000
    ],
    "target_ref_point": [
      100,
      200
    ]
  },
  "8F": {
    "original_size": [
      3000,
      2000
    ],
    "content_bounds": [
      197,
      211,
      2812,
      1801
    ],
    "reference": {
      "room": "L-801",
      "x": 108,
      "y": 238
    },
    "scale": 0.4588910133843212,
    "offset": [
      50.43977055449331,
      90.78393881453155
    ],
    "target_size": [
      1400,
      1000
    ],
    "target_ref_point": [
      100,
      200
    ]
  },
  "9F": {
    "original_size": [
      3000,
      2000
    ],
    "content_bounds": [
      175,
      180,
      2842,
      1801
    ],
    "reference": {
      "room": "L-901",
      "x": 108,
      "y": 238
    },
    "scale": 0.4499437570303712,
    "offset": [
      51.40607424071991,
      92.91338582677166
    ],
    "target_size": [
      1400,
      1000
    ],
    "target_ref_point": [
      100,
      200
    ]
  },
  "10F": {
    "original_size": [
      3000,
      2000
    ],
    "content_bounds": [
      164,
      144,
      2840,
      1770
    ],
    "reference": {
      "room": "L-1001",
      "x": 108,
      "y": 238
    },
    "scale": 0.4484304932735426,
    "offset": [
      51.5695067264574,
      93.27354260089686
    ],
    "target_size": [
      1400,
      1000
    ],
    "target_ref_point": [
      100,
      200
    ]
  }
}